<?xml version="1.0" encoding="utf-8"?>
<bwFrame xmlns:xsi="http://www.w3.org/2001/XMLSchema-instance" xmlns:xsd="http://www.w3.org/2001/XMLSchema" default_layout="pxabnsnfns00011001101" textdirection="ltr" textengine="DirectWrite" device="false" fontscale="100" captionFontScale="100" kbshortcuts="false" skip_nav_enabled="true" chromeless="false" outputtype="undefined" theme="unified" themeAccentColor="0x4893B8">
  <layouts>
    <layout name="npnxnanbsnfns00011001101" font="Montserrat" controllayout="npnxnanbsnfns00011001101" colorscheme="pxabnsnfns00011001101" string_table="pxabnsnfns00011001101" />
    <layout name="pxabnsnfns00011001101" font="Montserrat" controllayout="pxabnsnfns00011001101" colorscheme="pxabnsnfns00011001101" string_table="pxabnsnfns00011001101" />
    <layout name="npxnabnsnfns00011001101" font="Montserrat" controllayout="npxnabnsnfns00011001101" colorscheme="pxabnsnfns00011001101" string_table="pxabnsnfns00011001101" />
    <layout name="npnxnanbnsnfns00011001101" font="Montserrat" controllayout="npnxnanbnsnfns00011001101" colorscheme="pxabnsnfns00011001101" string_table="pxabnsnfns00011001101" />
    <layout name="pxabnsnfns00011001100" font="Montserrat" controllayout="pxabnsnfns00011001100" colorscheme="pxabnsnfns00011001101" string_table="pxabnsnfns00011001101" />
    <layout name="pnxanbnsnfns00011001101" font="Montserrat" controllayout="pnxanbnsnfns00011001101" colorscheme="pxabnsnfns00011001101" string_table="pxabnsnfns00011001101" />
  </layouts>
  <control_options>
    <optiongroups>
      <optiongroup name="sidebaroptions">
        <options>
          <option name="title_enabled" value="true">
            <options>
              <option name="title_text" value="SESI&amp;#211;N 2. LAS PROFESIONES EN LA COMUNIDAD" />
            </options>
          </option>
          <option name="logo_enabled" value="false">
            <options />
          </option>
          <option name="sidebar_enabled" value="true">
            <options>
              <option name="sidebarpos" value="left" />
              <option name="closed" value="false" />
            </options>
          </option>
          <optionlist name="tabs">
            <listitems>
              <listitem name="resources" value="false" group="linkright" />
              <listitem name="outline" value="true" group="sidebar" />
              <listitem name="glossary" value="false" group="sidebar" />
              <listitem name="transcript" value="true" group="sidebar" />
            </listitems>
          </optionlist>
          <option name="time_enabled" value="false">
            <options>
              <option name="time_format" value="" />
            </options>
          </option>
          <option name="video_enabled" value="false">
            <options>
              <option name="height" value="135" />
            </options>
          </option>
          <option name="logoAltText" />
        </options>
      </optiongroup>
      <optiongroup name="menuoptions">
        <options>
          <option name="flow" value="free" />
          <option name="wraplistitems" value="false" />
          <option name="tooltips" value="true" />
          <option name="autocollapse" value="true" />
          <option name="autonumber" value="false" />
          <option name="enableresultsicons" value="true" />
        </options>
      </optiongroup>
      <optiongroup name="controls">
        <options>
          <option name="volume" value="true" />
          <option name="seekbar" value="false">
            <options>
              <option name="readonly" value="false" />
              <option name="readonlyOnce" value="false" />
            </options>
          </option>
          <option name="pauseplay" value="true" />
          <option name="replay" value="false" />
          <option name="search" value="false" />
          <option name="closed_captions" value="false">
            <options>
              <option name="font" value="Montserrat" />
            </options>
          </option>
          <option name="settings" value="false" />
          <option name="fullScreenToggle" value="false" />
          <option name="playbackSpeedControl" value="false" />
        </options>
      </optiongroup>
      <optiongroup name="bottombaroptions">
        <options>
          <option name="bottombar_enabled" value="true" />
        </options>
      </optiongroup>
      <optiongroup name="buttonoptions">
        <options>
          <option name="next" value="icontext" />
          <option name="previous" value="icontext" />
          <option name="submit" value="icontext" />
        </options>
      </optiongroup>
    </optiongroups>
  </control_options>
  <control_layouts>
    <control_layout name="npnxnanbsnfns00011001101">
      <control name="volume" enabled="true" />
      <control name="seekbar" enabled="false" />
      <control name="replay" enabled="false" />
      <control name="pauseplay" enabled="true" />
      <control name="logo" enabled="false" />
      <control name="previous" enabled="false" />
      <control name="next" enabled="false" />
      <control name="swipeleft" enabled="false" />
      <control name="swiperight" enabled="false" />
      <control name="fullScreenToggle" enabled="false" />
      <control name="playbackSpeedControl" enabled="false" />
      <control name="submit" enabled="true" />
      <control name="finish" enabled="false" />
      <control name="submitall" enabled="false" />
      <control name="resources" enabled="false" />
      <control name="glossary" enabled="false" />
      <control name="transcript" enabled="true" />
      <control name="outline" enabled="true">
        <controls>
          <control name="search" enabled="false" />
        </controls>
      </control>
      <control name="close_btn" enabled="true" />
    </control_layout>
    <control_layout name="pxabnsnfns00011001101">
      <control name="volume" enabled="true" />
      <control name="seekbar" enabled="false" />
      <control name="replay" enabled="false" />
      <control name="pauseplay" enabled="true" />
      <control name="logo" enabled="false" />
      <control name="previous" enabled="true" />
      <control name="next" enabled="true" />
      <control name="swipeleft" enabled="true" />
      <control name="swiperight" enabled="true" />
      <control name="fullScreenToggle" enabled="false" />
      <control name="playbackSpeedControl" enabled="false" />
      <control name="submit" enabled="false" />
      <control name="finish" enabled="false" />
      <control name="submitall" enabled="false" />
      <control name="resources" enabled="false" />
      <control name="glossary" enabled="false" />
      <control name="transcript" enabled="true" />
      <control name="outline" enabled="true">
        <controls>
          <control name="search" enabled="false" />
        </controls>
      </control>
      <control name="close_btn" enabled="true" />
    </control_layout>
    <control_layout name="npxnabnsnfns00011001101">
      <control name="volume" enabled="true" />
      <control name="seekbar" enabled="false" />
      <control name="replay" enabled="false" />
      <control name="pauseplay" enabled="true" />
      <control name="logo" enabled="false" />
      <control name="previous" enabled="false" />
      <control name="next" enabled="true" />
      <control name="swipeleft" enabled="false" />
      <control name="swiperight" enabled="true" />
      <control name="fullScreenToggle" enabled="false" />
      <control name="playbackSpeedControl" enabled="false" />
      <control name="submit" enabled="false" />
      <control name="finish" enabled="false" />
      <control name="submitall" enabled="false" />
      <control name="resources" enabled="false" />
      <control name="glossary" enabled="false" />
      <control name="transcript" enabled="true" />
      <control name="outline" enabled="true">
        <controls>
          <control name="search" enabled="false" />
        </controls>
      </control>
      <control name="close_btn" enabled="true" />
    </control_layout>
    <control_layout name="npnxnanbnsnfns00011001101">
      <control name="volume" enabled="true" />
      <control name="seekbar" enabled="false" />
      <control name="replay" enabled="false" />
      <control name="pauseplay" enabled="true" />
      <control name="logo" enabled="false" />
      <control name="previous" enabled="false" />
      <control name="next" enabled="false" />
      <control name="swipeleft" enabled="false" />
      <control name="swiperight" enabled="false" />
      <control name="fullScreenToggle" enabled="false" />
      <control name="playbackSpeedControl" enabled="false" />
      <control name="submit" enabled="false" />
      <control name="finish" enabled="false" />
      <control name="submitall" enabled="false" />
      <control name="resources" enabled="false" />
      <control name="glossary" enabled="false" />
      <control name="transcript" enabled="true" />
      <control name="outline" enabled="true">
        <controls>
          <control name="search" enabled="false" />
        </controls>
      </control>
      <control name="close_btn" enabled="true" />
    </control_layout>
    <control_layout name="pxabnsnfns00011001100">
      <control name="volume" enabled="true" />
      <control name="seekbar" enabled="false" />
      <control name="replay" enabled="false" />
      <control name="pauseplay" enabled="true" />
      <control name="logo" enabled="false" />
      <control name="previous" enabled="true" />
      <control name="next" enabled="true" />
      <control name="swipeleft" enabled="true" />
      <control name="swiperight" enabled="true" />
      <control name="fullScreenToggle" enabled="false" />
      <control name="playbackSpeedControl" enabled="false" />
      <control name="submit" enabled="false" />
      <control name="finish" enabled="false" />
      <control name="submitall" enabled="false" />
      <control name="resources" enabled="false" />
      <control name="glossary" enabled="false" />
      <control name="transcript" enabled="true" />
      <control name="outline" enabled="true">
        <controls>
          <control name="search" enabled="false" />
        </controls>
      </control>
      <control name="close_btn" enabled="false" />
    </control_layout>
    <control_layout name="pnxanbnsnfns00011001101">
      <control name="volume" enabled="true" />
      <control name="seekbar" enabled="false" />
      <control name="replay" enabled="false" />
      <control name="pauseplay" enabled="true" />
      <control name="logo" enabled="false" />
      <control name="previous" enabled="true" />
      <control name="next" enabled="false" />
      <control name="swipeleft" enabled="true" />
      <control name="swiperight" enabled="false" />
      <control name="fullScreenToggle" enabled="false" />
      <control name="playbackSpeedControl" enabled="false" />
      <control name="submit" enabled="false" />
      <control name="finish" enabled="false" />
      <control name="submitall" enabled="false" />
      <control name="resources" enabled="false" />
      <control name="glossary" enabled="false" />
      <control name="transcript" enabled="true" />
      <control name="outline" enabled="true">
        <controls>
          <control name="search" enabled="false" />
        </controls>
      </control>
      <control name="close_btn" enabled="true" />
    </control_layout>
  </control_layouts>
  <colorschemes>
    <colorscheme name="pxabnsnfns00011001101">
      <color_group name="accessibility">
        <group_colors>
          <color name="focus_rect">
            <fill type="linear" rotation="90">
              <colors>
                <color rgb="0xFFFF00" alpha="100" stop="0" />
              </colors>
            </fill>
          </color>
          <color name="focus_rect_secondary">
            <fill type="linear" rotation="90">
              <colors>
                <color rgb="0x002060" alpha="100" stop="0" />
              </colors>
            </fill>
          </color>
        </group_colors>
      </color_group>
      <color_group name="HTML">
        <group_colors>
          <color name="htmlpage_bg_color">
            <fill type="linear" rotation="90">
              <colors>
                <color rgb="0xFFFFFF" alpha="100" stop="0" />
              </colors>
            </fill>
          </color>
          <color name="preloader">
            <fill type="linear" rotation="90">
              <colors>
                <color rgb="0x8C8C8C" alpha="100" stop="0" />
              </colors>
            </fill>
          </color>
        </group_colors>
      </color_group>
      <color_group name="infopanel">
        <group_colors>
          <color name="link_text">
            <fill type="linear" rotation="90">
              <colors>
                <color rgb="0x585858" alpha="100" stop="0" />
              </colors>
            </fill>
          </color>
          <color name="link_hover">
            <fill type="linear" rotation="90">
              <colors>
                <color rgb="0xFFFFFF" alpha="100" stop="0" />
              </colors>
            </fill>
          </color>
          <color name="shadow">
            <fill type="linear" rotation="90">
              <colors>
                <color rgb="0x000000" alpha="0" stop="0" />
              </colors>
            </fill>
          </color>
          <color name="bg">
            <fill type="linear" rotation="90">
              <colors>
                <color rgb="0xFFFFFF" alpha="100" stop="0" />
              </colors>
            </fill>
          </color>
          <color name="name_text">
            <fill type="linear" rotation="90">
              <colors>
                <color rgb="0x444444" alpha="100" stop="0" />
              </colors>
            </fill>
          </color>
          <color name="title_text">
            <fill type="linear" rotation="90">
              <colors>
                <color rgb="0x999999" alpha="100" stop="0" />
              </colors>
            </fill>
          </color>
        </group_colors>
      </color_group>
      <color_group name="infopanelpopup">
        <group_colors>
          <color name="link_text">
            <fill type="linear" rotation="90">
              <colors>
                <color rgb="0xFF0000" alpha="100" stop="0" />
              </colors>
            </fill>
          </color>
          <color name="link_hover">
            <fill type="linear" rotation="90">
              <colors>
                <color rgb="0xFFFFFF" alpha="100" stop="0" />
              </colors>
            </fill>
          </color>
          <color name="bg">
            <fill type="linear" rotation="90">
              <colors>
                <color rgb="0x000000" alpha="0" stop="0" />
              </colors>
            </fill>
          </color>
          <color name="shadow">
            <fill type="linear" rotation="90">
              <colors>
                <color rgb="0x000000" alpha="0" stop="0" />
              </colors>
            </fill>
          </color>
          <color name="name_text">
            <fill type="linear" rotation="90">
              <colors>
                <color rgb="0xFFFFFF" alpha="100" stop="0" />
              </colors>
            </fill>
          </color>
          <color name="bio_text">
            <fill type="linear" rotation="90">
              <colors>
                <color rgb="0x585858" alpha="100" stop="0" />
              </colors>
            </fill>
          </color>
        </group_colors>
      </color_group>
      <color_group name="timer">
        <group_colors>
          <color name="duration">
            <fill type="linear" rotation="90">
              <colors>
                <color rgb="0xDCDCDC" alpha="100" stop="0" />
              </colors>
            </fill>
          </color>
          <color name="elapsed">
            <fill type="linear" rotation="90">
              <colors>
                <color rgb="0xFEE347" alpha="100" stop="0" />
              </colors>
            </fill>
          </color>
          <color name="stroke">
            <fill type="linear" rotation="90">
              <colors>
                <color rgb="0xC7C7C7" alpha="100" stop="0" />
              </colors>
            </fill>
          </color>
          <color name="inner">
            <fill type="linear" rotation="90">
              <colors>
                <color rgb="0xFFFFFF" alpha="100" stop="0" />
              </colors>
            </fill>
          </color>
          <color name="text">
            <fill type="linear" rotation="90">
              <colors>
                <color rgb="0x585858" alpha="100" stop="0" />
              </colors>
            </fill>
          </color>
        </group_colors>
      </color_group>
      <color_group name="window">
        <group_colors>
          <color name="text">
            <fill type="linear" rotation="90">
              <colors>
                <color rgb="0x464646" alpha="100" stop="0" />
              </colors>
            </fill>
          </color>
          <color name="btn_text">
            <fill type="linear" rotation="90">
              <colors>
                <color rgb="0x464646" alpha="100" stop="0" />
              </colors>
            </fill>
          </color>
          <color name="inner">
            <fill type="linear" rotation="90">
              <colors>
                <color rgb="0x316300" alpha="100" stop="0" />
              </colors>
            </fill>
          </color>
          <color name="bg">
            <fill type="linear" rotation="90">
              <colors>
                <color rgb="0xFAFAFA" alpha="100" stop="0" />
              </colors>
            </fill>
          </color>
          <color name="diva">
            <fill type="linear" rotation="90">
              <colors>
                <color rgb="0x000000" alpha="0" stop="0" />
              </colors>
            </fill>
          </color>
          <color name="divb">
            <fill type="linear" rotation="90">
              <colors>
                <color rgb="0x000000" alpha="0" stop="0" />
              </colors>
            </fill>
          </color>
          <color name="shadow">
            <fill type="linear" rotation="90">
              <colors>
                <color rgb="0x000000" alpha="20" stop="0" />
              </colors>
            </fill>
          </color>
          <color name="border">
            <fill type="linear" rotation="90">
              <colors>
                <color rgb="0xFAFAFA" alpha="100" stop="0" />
              </colors>
            </fill>
          </color>
          <color name="separator">
            <fill type="linear" rotation="90">
              <colors>
                <color rgb="0x464646" alpha="100" stop="0" />
              </colors>
            </fill>
          </color>
          <color name="selected_border">
            <fill type="linear" rotation="90">
              <colors>
                <color rgb="0x464646" alpha="100" stop="0" />
              </colors>
            </fill>
          </color>
        </group_colors>
      </color_group>
      <color_group name="editor">
        <group_colors>
          <color name="slide_text">
            <fill type="linear" rotation="90">
              <colors>
                <color rgb="0xFFFFFF" alpha="100" stop="0" />
              </colors>
            </fill>
          </color>
          <color name="html_text">
            <fill type="linear" rotation="90">
              <colors>
                <color rgb="0x464646" alpha="100" stop="0" />
              </colors>
            </fill>
          </color>
          <color name="btn_text_shadow">
            <fill type="linear" rotation="90">
              <colors>
                <color rgb="0x000000" alpha="0" stop="0" />
              </colors>
            </fill>
          </color>
          <color name="btn_text">
            <fill type="linear" rotation="90">
              <colors>
                <color rgb="0xFFFFFF" alpha="100" stop="0" />
              </colors>
            </fill>
          </color>
          <color name="btn_border">
            <fill type="linear" rotation="90">
              <colors>
                <color rgb="0x214400" alpha="100" stop="0" />
              </colors>
            </fill>
          </color>
          <color name="btn_hover">
            <fill type="linear" rotation="90">
              <colors>
                <color rgb="0x428E00" alpha="100" stop="0" />
              </colors>
            </fill>
          </color>
          <color name="btn_down">
            <fill type="linear" rotation="90">
              <colors>
                <color rgb="0x2E5D00" alpha="100" stop="0" />
              </colors>
            </fill>
          </color>
          <color name="btn_bg">
            <fill type="linear" rotation="90">
              <colors>
                <color rgb="0x3C7C00" alpha="100" stop="0" />
              </colors>
            </fill>
          </color>
        </group_colors>
      </color_group>
      <color_group name="listitem">
        <group_colors>
          <color name="scene_text">
            <fill type="linear" rotation="90">
              <colors>
                <color rgb="0x2C2F30" alpha="100" stop="0" />
              </colors>
            </fill>
          </color>
          <color name="selected_text">
            <fill type="linear" rotation="90" />
          </color>
          <color name="shadow">
            <fill type="linear" rotation="90" />
          </color>
          <color name="selected">
            <fill type="linear" rotation="90" />
          </color>
          <color name="text">
            <fill type="linear" rotation="90">
              <colors>
                <color rgb="0x464646" alpha="100" stop="0" />
              </colors>
            </fill>
          </color>
          <color name="viewed">
            <fill type="linear" rotation="90">
              <colors>
                <color rgb="0x464646" alpha="100" stop="0" />
              </colors>
            </fill>
          </color>
          <color name="hover">
            <fill type="linear" rotation="90">
              <colors>
                <color rgb="0x000000" alpha="5" stop="0" />
              </colors>
            </fill>
          </color>
          <color name="lines">
            <fill type="linear" rotation="90" />
          </color>
          <color name="selected_hover_border">
            <fill type="linear" rotation="90">
              <colors>
                <color rgb="0x8E8F8E" alpha="100" stop="0" />
              </colors>
            </fill>
          </color>
        </group_colors>
      </color_group>
      <color_group name="glossary">
        <group_colors>
          <color name="selected_text">
            <fill type="linear" rotation="90">
              <colors>
                <color rgb="0xFFFFFF" alpha="100" stop="0" />
              </colors>
            </fill>
          </color>
          <color name="selected">
            <fill type="linear" rotation="90">
              <colors>
                <color rgb="0xFFFFFF" alpha="100" stop="0" />
              </colors>
            </fill>
          </color>
          <color name="text">
            <fill type="linear" rotation="90">
              <colors>
                <color rgb="0x464646" alpha="100" stop="0" />
              </colors>
            </fill>
          </color>
          <color name="hover">
            <fill type="linear" rotation="90">
              <colors>
                <color rgb="0x464646" alpha="100" stop="0" />
              </colors>
            </fill>
          </color>
          <color name="heading_text">
            <fill type="linear" rotation="90">
              <colors>
                <color rgb="0x2C2F30" alpha="100" stop="0" />
              </colors>
            </fill>
          </color>
          <color name="diva">
            <fill type="linear" rotation="90">
              <colors>
                <color rgb="0x000000" alpha="0" stop="0" />
              </colors>
            </fill>
          </color>
          <color name="divb">
            <fill type="linear" rotation="90">
              <colors>
                <color rgb="0x000000" alpha="0" stop="0" />
              </colors>
            </fill>
          </color>
          <color name="divc">
            <fill type="linear" rotation="90">
              <colors>
                <color rgb="0x000000" alpha="0" stop="0" />
              </colors>
            </fill>
          </color>
          <color name="bg">
            <fill type="linear" rotation="90">
              <colors>
                <color rgb="0x000000" alpha="0" stop="0" />
              </colors>
            </fill>
          </color>
        </group_colors>
      </color_group>
      <color_group name="notes">
        <group_colors>
          <color name="text">
            <fill type="linear" rotation="90">
              <colors>
                <color rgb="0x464646" alpha="100" stop="0" />
              </colors>
            </fill>
          </color>
        </group_colors>
      </color_group>
      <color_group name="resource">
        <group_colors>
          <color name="separator">
            <fill type="linear" rotation="90">
              <colors>
                <color rgb="0x000000" alpha="0" stop="0" />
              </colors>
            </fill>
          </color>
          <color name="hover">
            <fill type="linear" rotation="90">
              <colors>
                <color rgb="0x000000" alpha="5" stop="0" />
              </colors>
            </fill>
          </color>
        </group_colors>
      </color_group>
      <color_group name="outline">
        <group_colors>
          <color name="search_hover">
            <fill type="linear" rotation="90">
              <colors>
                <color rgb="0x000000" alpha="0" stop="0" />
              </colors>
            </fill>
          </color>
          <color name="search_text">
            <fill type="linear" rotation="90">
              <colors>
                <color rgb="0x2D2D2D" alpha="100" stop="0" />
              </colors>
            </fill>
          </color>
          <color name="divc">
            <fill type="linear" rotation="90">
              <colors>
                <color rgb="0x000000" alpha="0" stop="0" />
              </colors>
            </fill>
          </color>
          <color name="divb">
            <fill type="linear" rotation="90">
              <colors>
                <color rgb="0x000000" alpha="0" stop="0" />
              </colors>
            </fill>
          </color>
          <color name="diva">
            <fill type="linear" rotation="90">
              <colors>
                <color rgb="0x000000" alpha="0" stop="0" />
              </colors>
            </fill>
          </color>
        </group_colors>
      </color_group>
      <color_group name="transcript">
        <group_colors>
          <color name="heading_text">
            <fill type="linear" rotation="90">
              <colors>
                <color rgb="0xFFFFFF" alpha="100" stop="0" />
              </colors>
            </fill>
          </color>
          <color name="div">
            <fill type="linear" rotation="90">
              <colors>
                <color rgb="0x000000" alpha="0" stop="0" />
              </colors>
            </fill>
          </color>
        </group_colors>
      </color_group>
      <color_group name="tabs">
        <group_colors>
          <color name="shadow">
            <fill type="linear" rotation="90">
              <colors>
                <color rgb="0x000000" alpha="0" stop="0" />
              </colors>
            </fill>
          </color>
          <color name="hover">
            <fill type="linear" rotation="90">
              <colors>
                <color rgb="0x272B2C" alpha="100" stop="0" />
              </colors>
            </fill>
          </color>
          <color name="selected">
            <fill type="linear" rotation="90">
              <colors>
                <color rgb="0x272B2C" alpha="100" stop="0" />
              </colors>
            </fill>
          </color>
          <color name="text">
            <fill type="linear" rotation="90">
              <colors>
                <color rgb="0x585858" alpha="100" stop="0" />
              </colors>
            </fill>
          </color>
          <color name="bg">
            <fill type="linear" rotation="90">
              <colors>
                <color rgb="0x000000" alpha="0" stop="0" />
              </colors>
            </fill>
          </color>
          <color name="panel_bg">
            <fill type="linear" rotation="90">
              <colors>
                <color rgb="0xFAFAFA" alpha="100" stop="0" />
              </colors>
            </fill>
          </color>
          <color name="bottom_border">
            <fill type="linear" rotation="90">
              <colors>
                <color rgb="0x8E8F8E" alpha="100" stop="0" />
              </colors>
            </fill>
          </color>
        </group_colors>
      </color_group>
      <color_group name="seekcontrol">
        <group_colors>
          <color name="btn_icon_color">
            <fill type="linear" rotation="90">
              <colors>
                <color rgb="0x8C8C8C" alpha="100" stop="0" />
              </colors>
            </fill>
          </color>
          <color name="seek_position">
            <fill type="linear" rotation="90">
              <colors>
                <color rgb="0xFFFFFF" alpha="60" stop="0" />
              </colors>
            </fill>
          </color>
          <color name="seek_bg">
            <fill type="linear" rotation="90">
              <colors>
                <color rgb="0x8E8F8E" alpha="100" stop="0" />
              </colors>
            </fill>
          </color>
          <color name="seek_border">
            <fill type="linear" rotation="90">
              <colors>
                <color rgb="0x000000" alpha="0" stop="0" />
              </colors>
            </fill>
          </color>
          <color name="border">
            <fill type="linear" rotation="90">
              <colors>
                <color rgb="0x000000" alpha="0" stop="0" />
              </colors>
            </fill>
          </color>
          <color name="bg">
            <fill type="linear" rotation="90">
              <colors>
                <color rgb="0x000000" alpha="0" stop="0" />
              </colors>
            </fill>
          </color>
          <color name="btn_icon_hover">
            <fill type="linear" rotation="90">
              <colors>
                <color rgb="0xFFFFFF" alpha="100" stop="0" />
              </colors>
            </fill>
          </color>
          <color name="btn_icon_shadow">
            <fill type="linear" rotation="90">
              <colors>
                <color rgb="0x000000" alpha="0" stop="0" />
              </colors>
            </fill>
          </color>
        </group_colors>
      </color_group>
      <color_group name="searchinput">
        <group_colors>
          <color name="text_active">
            <fill type="linear" rotation="90">
              <colors>
                <color rgb="0x2C2F30" alpha="100" stop="0" />
              </colors>
            </fill>
          </color>
          <color name="bg_active">
            <fill type="linear" rotation="90">
              <colors>
                <color rgb="0x292929" alpha="100" stop="0" />
              </colors>
            </fill>
          </color>
          <color name="search_text">
            <fill type="linear" rotation="90">
              <colors>
                <color rgb="0x464646" alpha="100" stop="0" />
              </colors>
            </fill>
          </color>
          <color name="hover_glow">
            <fill type="linear" rotation="90">
              <colors>
                <color rgb="0x457E13" alpha="0" stop="0" />
              </colors>
            </fill>
          </color>
          <color name="button_hover">
            <fill type="linear" rotation="90">
              <colors>
                <color rgb="0x3F8500" alpha="100" stop="0" />
              </colors>
            </fill>
          </color>
          <color name="icon">
            <fill type="linear" rotation="90">
              <colors>
                <color rgb="0x585858" alpha="100" stop="0" />
              </colors>
            </fill>
          </color>
          <color name="border">
            <fill type="linear" rotation="90">
              <colors>
                <color rgb="0x000000" alpha="0" stop="0" />
              </colors>
            </fill>
          </color>
          <color name="outer_border">
            <fill type="linear" rotation="90">
              <colors>
                <color rgb="0x8E8F8E" alpha="100" stop="0" />
              </colors>
            </fill>
          </color>
          <color name="bg">
            <fill type="linear" rotation="90">
              <colors>
                <color rgb="0x000000" alpha="5" stop="0" />
              </colors>
            </fill>
          </color>
          <color name="bg_in_tab">
            <fill type="linear" rotation="90">
              <colors>
                <color rgb="0xEAEAEA" alpha="100" stop="0" />
              </colors>
            </fill>
          </color>
        </group_colors>
      </color_group>
      <color_group name="scrollarea">
        <group_colors>
          <color name="detailb">
            <fill type="linear" rotation="90">
              <colors>
                <color rgb="0x6AA242" alpha="100" stop="0" />
              </colors>
            </fill>
          </color>
          <color name="detaila">
            <fill type="linear" rotation="90">
              <colors>
                <color rgb="0x2A5400" alpha="100" stop="0" />
              </colors>
            </fill>
          </color>
          <color name="shadow">
            <fill type="linear" rotation="90">
              <colors>
                <color rgb="0x275000" alpha="100" stop="0" />
              </colors>
            </fill>
          </color>
          <color name="icons">
            <fill type="linear" rotation="90">
              <colors>
                <color rgb="0xFFFFFF" alpha="100" stop="0" />
              </colors>
            </fill>
          </color>
          <color name="button_border">
            <fill type="linear" rotation="90">
              <colors>
                <color rgb="0x2A5500" alpha="100" stop="0" />
              </colors>
            </fill>
          </color>
          <color name="button_inner">
            <fill type="linear" rotation="90">
              <colors>
                <color rgb="0x4B8A16" alpha="100" stop="0" />
              </colors>
            </fill>
          </color>
          <color name="button_bg">
            <fill type="linear" rotation="90">
              <colors>
                <color rgb="0x585858" alpha="80" stop="0" />
              </colors>
            </fill>
          </color>
          <color name="button_bg_hover">
            <fill type="linear" rotation="90">
              <colors>
                <color rgb="0x585858" alpha="80" stop="0" />
              </colors>
            </fill>
          </color>
          <color name="border">
            <fill type="linear" rotation="90">
              <colors>
                <color rgb="0x479901" alpha="100" stop="0" />
              </colors>
            </fill>
          </color>
          <color name="bg">
            <fill type="linear" rotation="0">
              <colors>
                <color rgb="0x366F00" alpha="100" stop="0" />
              </colors>
            </fill>
          </color>
        </group_colors>
      </color_group>
      <color_group name="menu">
        <group_colors>
          <color name="shadow">
            <fill type="linear" rotation="90">
              <colors>
                <color rgb="0x000000" alpha="0" stop="0" />
              </colors>
            </fill>
          </color>
          <color name="bg">
            <fill type="linear" rotation="90">
              <colors>
                <color rgb="0xFAFAFA" alpha="100" stop="0" />
              </colors>
            </fill>
          </color>
          <color name="generic_shadow">
            <fill type="linear" rotation="90">
              <colors>
                <color rgb="0x373737" alpha="77" stop="0" />
              </colors>
            </fill>
          </color>
          <color name="right_shadow">
            <fill type="linear" rotation="0">
              <colors>
                <color rgb="0x000000" alpha="0" stop="0" />
                <color rgb="0x000000" alpha="1" stop="89" />
                <color rgb="0x000000" alpha="6" stop="255" />
              </colors>
            </fill>
          </color>
          <color name="border">
            <fill type="linear" rotation="90">
              <colors>
                <color rgb="0xFAFAFA" alpha="100" stop="0" />
              </colors>
            </fill>
          </color>
        </group_colors>
      </color_group>
      <color_group name="logo">
        <group_colors>
          <color name="shadow">
            <fill type="linear" rotation="90">
              <colors>
                <color rgb="0x254B00" alpha="100" stop="0" />
              </colors>
            </fill>
          </color>
          <color name="bg">
            <fill type="linear" rotation="90">
              <colors>
                <color rgb="0xFFFFFF" alpha="0" stop="0" />
              </colors>
            </fill>
          </color>
        </group_colors>
      </color_group>
      <color_group name="checkbox">
        <group_colors>
          <color name="hover">
            <fill type="linear" rotation="90">
              <colors>
                <color rgb="0xAFDD82" alpha="100" stop="0" />
              </colors>
            </fill>
          </color>
          <color name="text">
            <fill type="linear" rotation="90">
              <colors>
                <color rgb="0xFFFFFF" alpha="100" stop="0" />
              </colors>
            </fill>
          </color>
          <color name="check">
            <fill type="linear" rotation="90">
              <colors>
                <color rgb="0x2BC400" alpha="100" stop="0" />
              </colors>
            </fill>
          </color>
          <color name="bg">
            <fill type="linear" rotation="90">
              <colors>
                <color rgb="0xFFFFFF" alpha="100" stop="0" />
              </colors>
            </fill>
          </color>
          <color name="border">
            <fill type="linear" rotation="90">
              <colors>
                <color rgb="0x2A5300" alpha="100" stop="0" />
              </colors>
            </fill>
          </color>
        </group_colors>
      </color_group>
      <color_group name="button">
        <group_colors>
          <color name="btn_icon_color">
            <fill type="linear" rotation="90">
              <colors>
                <color rgb="0x585858" alpha="100" stop="0" />
              </colors>
            </fill>
          </color>
          <color name="btn_text_shadow">
            <fill type="linear" rotation="90">
              <colors>
                <color rgb="0x000000" alpha="0" stop="0" />
              </colors>
            </fill>
          </color>
          <color name="btn_text">
            <fill type="linear" rotation="90">
              <colors>
                <color rgb="0x585858" alpha="100" stop="0" />
              </colors>
            </fill>
          </color>
          <color name="btn_border">
            <fill type="linear" rotation="90">
              <colors>
                <color rgb="0x000000" alpha="0" stop="0" />
              </colors>
            </fill>
          </color>
          <color name="btn_hover">
            <fill type="linear" rotation="90">
              <colors>
                <color rgb="0x272B2C" alpha="100" stop="0" />
              </colors>
            </fill>
          </color>
          <color name="btn_down">
            <fill type="linear" rotation="90">
              <colors>
                <color rgb="0x000000" alpha="0" stop="0" />
              </colors>
            </fill>
          </color>
          <color name="btn_bg">
            <fill type="linear" rotation="90">
              <colors>
                <color rgb="0x000000" alpha="0" stop="0" />
              </colors>
            </fill>
          </color>
          <color name="btn_glow">
            <fill type="linear" rotation="90">
              <colors>
                <color rgb="0x000000" alpha="0" stop="0" />
              </colors>
            </fill>
          </color>
          <color name="btn_on_dark_background">
            <fill type="linear" rotation="90">
              <colors>
                <color rgb="0xBABBBA" alpha="100" stop="0" />
              </colors>
            </fill>
          </color>
          <color name="btn_on_dark_background_hover">
            <fill type="linear" rotation="90">
              <colors>
                <color rgb="0xF8F8F8" alpha="100" stop="0" />
              </colors>
            </fill>
          </color>
        </group_colors>
      </color_group>
      <color_group name="base">
        <group_colors>
          <color name="brandhighlight">
            <fill type="linear" rotation="90">
              <colors>
                <color rgb="0x4893B8" alpha="100" stop="0" />
              </colors>
            </fill>
          </color>
          <color name="brandhighlight_secondary">
            <fill type="linear" rotation="90">
              <colors>
                <color rgb="0x4893B8" alpha="100" stop="0" />
              </colors>
            </fill>
          </color>
          <color name="text">
            <fill type="linear" rotation="90">
              <colors>
                <color rgb="0x585858" alpha="100" stop="0" />
              </colors>
            </fill>
          </color>
          <color name="text_hover">
            <fill type="linear" rotation="90">
              <colors>
                <color rgb="0x272B2C" alpha="100" stop="0" />
              </colors>
            </fill>
          </color>
          <color name="text_selected">
            <fill type="linear" rotation="90">
              <colors>
                <color rgb="0x272B2C" alpha="100" stop="0" />
              </colors>
            </fill>
          </color>
          <color name="diva">
            <fill type="linear" rotation="90">
              <colors>
                <color rgb="0xFAFAFA" alpha="100" stop="0" />
              </colors>
            </fill>
          </color>
          <color name="divb">
            <fill type="linear" rotation="90">
              <colors>
                <color rgb="0x000000" alpha="0" stop="0" />
              </colors>
            </fill>
          </color>
          <color name="menu_shade">
            <fill type="linear" rotation="90">
              <colors>
                <color rgb="0xFAFAFA" alpha="100" stop="0" />
              </colors>
            </fill>
          </color>
          <color name="border">
            <fill type="linear" rotation="90">
              <colors>
                <color rgb="0xFFFFFF" alpha="0" stop="0" />
              </colors>
            </fill>
          </color>
          <color name="bg">
            <fill type="linear" rotation="90">
              <colors>
                <color rgb="0xFFFFFF" alpha="100" stop="0" />
              </colors>
            </fill>
          </color>
          <color name="slide_bg">
            <fill type="linear" rotation="90">
              <colors>
                <color rgb="0xFFFFFF" alpha="100" stop="0" />
              </colors>
            </fill>
          </color>
          <color name="overlay_message">
            <fill type="linear" rotation="90">
              <colors>
                <color rgb="0x000000" alpha="85" stop="0" />
              </colors>
            </fill>
          </color>
          <color name="selected_bg">
            <fill type="linear" rotation="90">
              <colors>
                <color rgb="0x000000" alpha="5" stop="0" />
              </colors>
            </fill>
          </color>
          <color name="selected_border">
            <fill type="linear" rotation="90">
              <colors>
                <color rgb="0x8E8F8E" alpha="100" stop="0" />
              </colors>
            </fill>
          </color>
          <color name="separator">
            <fill type="linear" rotation="90">
              <colors>
                <color rgb="0x8E8F8E" alpha="100" stop="0" />
              </colors>
            </fill>
          </color>
          <color name="control_border">
            <fill type="linear" rotation="90">
              <colors>
                <color rgb="0x8E8F8E" alpha="100" stop="0" />
              </colors>
            </fill>
          </color>
        </group_colors>
      </color_group>
      <color_group name="settings">
        <group_colors>
          <color name="panel_bg">
            <fill type="linear" rotation="90">
              <colors>
                <color rgb="0xFAFAFA" alpha="100" stop="0" />
              </colors>
            </fill>
          </color>
          <color name="panel_shadow">
            <fill type="linear" rotation="90">
              <colors>
                <color rgb="0x000000" alpha="35" stop="0" />
              </colors>
            </fill>
          </color>
          <color name="toggle_border">
            <fill type="linear" rotation="90">
              <colors>
                <color rgb="0x919191" alpha="100" stop="0" />
              </colors>
            </fill>
          </color>
          <color name="toggle_thumb_off">
            <fill type="linear" rotation="90">
              <colors>
                <color rgb="0x585858" alpha="100" stop="0" />
              </colors>
            </fill>
          </color>
          <color name="toggle_track_on">
            <fill type="linear" rotation="90">
              <colors>
                <color rgb="0x4893B8" alpha="30" stop="0" />
              </colors>
            </fill>
          </color>
          <color name="toggle_track_off">
            <fill type="linear" rotation="90">
              <colors>
                <color rgb="0xE9E9E9" alpha="100" stop="0" />
              </colors>
            </fill>
          </color>
          <color name="toggle_label">
            <fill type="linear" rotation="90">
              <colors>
                <color rgb="0x464646" alpha="100" stop="0" />
              </colors>
            </fill>
          </color>
          <color name="settings_border_color">
            <fill type="linear" rotation="90">
              <colors>
                <color rgb="0xFAFAFA" alpha="100" stop="0" />
              </colors>
            </fill>
          </color>
        </group_colors>
      </color_group>
      <color_group name="volume">
        <group_colors>
          <color name="panel_bg">
            <fill type="linear" rotation="90">
              <colors>
                <color rgb="0xFAFAFA" alpha="100" stop="0" />
              </colors>
            </fill>
          </color>
          <color name="thumb_border">
            <fill type="linear" rotation="90">
              <colors>
                <color rgb="0x2B5500" alpha="100" stop="0" />
              </colors>
            </fill>
          </color>
          <color name="thumb_inner">
            <fill type="linear" rotation="90">
              <colors>
                <color rgb="0x2B5500" alpha="100" stop="0" />
              </colors>
            </fill>
          </color>
          <color name="thumb_bg">
            <fill type="linear" rotation="90">
              <colors>
                <color rgb="0xFFFFFF" alpha="100" stop="0" />
              </colors>
            </fill>
          </color>
          <color name="slider_border">
            <fill type="linear" rotation="90">
              <colors>
                <color rgb="0x428C01" alpha="100" stop="0" />
              </colors>
            </fill>
          </color>
          <color name="slider_bg">
            <fill type="linear" rotation="0">
              <colors>
                <color rgb="0x8E8F8E" alpha="100" stop="0" />
              </colors>
            </fill>
          </color>
          <color name="slider_shadow">
            <fill type="linear" rotation="90">
              <colors>
                <color rgb="0x000000" alpha="20" stop="0" />
              </colors>
            </fill>
          </color>
          <color name="volume_border_color">
            <fill type="linear" rotation="90">
              <colors>
                <color rgb="0xFAFAFA" alpha="100" stop="0" />
              </colors>
            </fill>
          </color>
        </group_colors>
      </color_group>
    </colorscheme>
  </colorschemes>
  <string_tables>
    <string_table name="pxabnsnfns00011001101">
      <string id="three_image_progress_audio">progreso</string>
      <string id="three_image_audio">audio</string>
      <string id="three_image_camera_down">cámara movida hacia abajo</string>
      <string id="three_image_camera_left">cámara movida a la izquierda</string>
      <string id="three_image_camera_right">cámara movida a la derecha</string>
      <string id="three_image_camera_up">cámara movida hacia arriba</string>
      <string id="three_image_interaction_free">modo de exploración libre</string>
      <string id="three_image_interaction_guided">modo de tour guiado</string>
      <string id="three_image_hotspot">punto caliente</string>
      <string id="three_image_instructions">Utiliza las teclas W, A, S y D para moverte por la imagen de 360 grados. Presiona la tecla TAB para saltar a los marcadores interactivos y los puntos calientes.</string>
      <string id="three_image_interaction">interacción de la imagen de 360 grados</string>
      <string id="three_image_label">etiqueta</string>
      <string id="three_image_marker">marcador</string>
      <string id="three_image_items">ítems</string>
      <string id="three_image_interaction_next">siguiente</string>
      <string id="three_image_pause_audio">pausar audio</string>
      <string id="three_image_pause_video">pausar video</string>
      <string id="three_image_play_audio">reproducir audio</string>
      <string id="three_image_play_video">reproducir video</string>
      <string id="three_image_interaction_prev">anterior</string>
      <string id="three_image_visited">visitado</string>
      <string id="three_image_of">de</string>
      <string id="three_image_count_of_total">%count% de %total%</string>
      <string id="acc_three_image_step_count_of_total">paso %count% de %total%</string>
      <string id="three_image_item">ítem</string>
      <string id="three_image_interaction_step">paso</string>
      <string id="three_image_tooltip">descripción emergente</string>
      <string id="three_image_total_items">%total% ítems</string>
      <string id="three_image_total_item">%total% ítem</string>
      <string id="three_image_progress_video">progreso</string>
      <string id="three_image_video">video</string>
      <string id="three_image_video_volume">volumen del video</string>
      <string id="acc_three_image_count_of_total_items_visited">%count% de %total% ítems visitados</string>
      <string id="acc_three_image_count_of_total_item_visited">%count% de %total% ítems visitados</string>
      <string id="three_image_count_of_total_visited">%count% de %total% visitados</string>
      <string id="accessible_text">Texto accesible</string>
      <string id="background_audio">Audio de fondo</string>
      <string id="acc_enter_fullscreen">Ingresar en el modo de pantalla completa</string>
      <string id="acc_exit_fullscreen">Salir del modo de pantalla completa</string>
      <string id="keyboardshortcuts_lower">Atajos de teclado</string>
      <string id="zoom_to_fit">Habilitar zoom del navegador</string>
      <string id="modern_video_settings_close">cerrar ajustes de video</string>
      <string id="acc_modern_video_fullscreen">video a pantalla completa</string>
      <string id="modern_video_playback_settings">Ajustes de reproducción del video</string>
      <string id="modern_video_captions_off">Desactivado</string>
      <string id="modern_video_captions_on">Activado</string>
      <string id="modern_video_captions_label">Subtítulos</string>
      <string id="acc_modern_video_settings">ajustes del video</string>
      <string id="acc_modern_video_mute">silenciar video</string>
      <string id="modern_video_normal_speed">Normal</string>
      <string id="acc_modern_video_pause">pausar video</string>
      <string id="acc_modern_video_pip">miniatura video</string>
      <string id="acc_modern_video_play">reproducir video</string>
      <string id="modern_video_playback_speed_title">Velocidad de reproducción</string>
      <string id="acc_modern_video_captions">subtítulos del video</string>
      <string id="acc_modern_video_playback_speed">velocidad de reproducción</string>
      <string id="acc_modern_video_volume">volumen del video</string>
      <string id="acc_active">activo</string>
      <string id="alt_key">Alt</string>
      <string id="check_include">De verificación para incluir</string>
      <string id="clear">Borrar y volver al menú</string>
      <string id="close">Cerrar</string>
      <string id="acc_closed_captions">Subtítulos cerrados. Presiona la barra de espacio para activar y desactivar los subtítulos.</string>
      <string id="closed_captions_tip">Activar / desactivar subtítulos</string>
      <string id="continue">Continuar</string>
      <string id="continueresponsive">Continuar</string>
      <string id="playback_speed_title">Velocidad de reproducción</string>
      <string id="playback_speed_normal">Normal</string>
      <string id="acc_playback_speed">velocidad de reproducción</string>
      <string id="ctrl_key">Ctrl</string>
      <string id="enable_keyboardshortcuts">Activar atajos del teclado</string>
      <string id="enter_key">Intro</string>
      <string id="exit">Salir</string>
      <string id="filter">Filtro</string>
      <string id="finish">FINALIZAR</string>
      <string id="acc_finish">finalizar</string>
      <string id="definition">Definición</string>
      <string id="acc_definition">definición</string>
      <string id="glossary">Glosario</string>
      <string id="terms">Condiciones</string>
      <string id="progress_hour">hora</string>
      <string id="progress_hours">horas</string>
      <string id="action">Acción</string>
      <string id="keyboardshortcuts">Atajos de teclado</string>
      <string id="shortcuthelp">Listar los atajos de teclado</string>
      <string id="mute_shortcut">Silenciar / activar sonido</string>
      <string id="next_shortcut">Siguiente diapositiva</string>
      <string id="playpause_shortcut">Reproducir / pausar</string>
      <string id="previous_shortcut">Diapositiva anterior</string>
      <string id="replay_shortcut">Volver a reproducir la diapositiva</string>
      <string id="shortcut">Atajo</string>
      <string id="submit_shortcut">Validar diapositiva</string>
      <string id="acctext_shortcut">Activar/Desactivar texto accesible</string>
      <string id="background_audio_shortcut">Activar/Desactivar el audio de fondo</string>
      <string id="closedcaptions_shortcut">Activar/Desactivar accesibilidad del texto</string>
      <string id="fullscreen_shortcut">Cambiar el modo de pantalla completa</string>
      <string id="togglezoom">Activar/Desactivar el zoom para llenar la pantalla</string>
      <string id="outline">Menú</string>
      <string id="disabled_orientation">Rote el dispositivo</string>
      <string id="progress_minute">minuto</string>
      <string id="progress_minutes">minutos</string>
      <string id="mute_tip">Silenciar</string>
      <string id="next">SIG</string>
      <string id="acc_next">siguiente</string>
      <string id="next_slide_tip">Siguiente diapositiva</string>
      <string id="transcript_chk">Notas</string>
      <string id="transcript">Notas</string>
      <string id="bio">Biografía</string>
      <string id="more_info">Más información</string>
      <string id="closed_captions">Subtítulos</string>
      <string id="acc_pause">pausa</string>
      <string id="pause_tip">Pausar</string>
      <string id="acc_play">Reproducir</string>
      <string id="play_tip">Reproducir</string>
      <string id="send_an_email">Enviar correo electrónico</string>
      <string id="prev">ANT</string>
      <string id="acc_previous">anterior</string>
      <string id="previous_slide_tip">Diapositiva anterior</string>
      <string id="question_list">Lista de preguntas</string>
      <string id="replay_tip">Reproducir</string>
      <string id="acc_replay">repetición</string>
      <string id="resources">Recursos</string>
      <string id="acc_resources">los recursos</string>
      <string id="restart">Reiniciar</string>
      <string id="resume">Continuar</string>
      <string id="acc_locked">bloqueado</string>
      <string id="acc_search_input">búsqueda</string>
      <string id="search_toggle">Buscar</string>
      <string id="sidebar_toggle">Mostrar/ocultar barra lateral</string>
      <string id="acc_slide_progress">progreso de la diapositiva</string>
      <string id="desktop_start">Comenzar el curso</string>
      <string id="mobile_start">Comenzar el curso</string>
      <string id="acc_visited">visitado</string>
      <string id="search">Buscar ...</string>
      <string id="search_in">Buscar en:</string>
      <string id="search_results">Resultados de la búsqueda</string>
      <string id="progress_second">segundo</string>
      <string id="progress_seconds">segundos</string>
      <string id="settings_tip">Ajustes</string>
      <string id="shift_key">Mayúsculas</string>
      <string id="acc_skipnavigation">Volver a la diapositiva</string>
      <string id="slide_text_chk">Texto Diapositiva</string>
      <string id="spacebar_key">Espacio</string>
      <string id="streaming_video_local_playback_learn_more">Saber más</string>
      <string id="streaming_video_local_playback_republish">Para ver este video, utiliza la funcionalidad de previsualización en Storyline 360, sube tu curso publicado a un servidor, publica el curso en Review 360 o cambia a calidad de video estática.</string>
      <string id="streaming_video_local_playback_title">El video en streaming no está disponible para reproducción local.</string>
      <string id="submitall">ENVIAR TODO</string>
      <string id="acc_submitall">enviar todo</string>
      <string id="submit">ENVIAR</string>
      <string id="acc_submit">presentar</string>
      <string id="submit_tip">Enviar</string>
      <string id="unmute_tip">Desactivar silencio</string>
      <string id="transcript_auto_scroll">Desplazamiento automático</string>
      <string id="acc_window_close">Cerrar</string>
      <string id="acc_video_transcript_list">Transcripciones</string>
      <string id="acc_window_move">Mover ventana</string>
      <string id="acc_modern_video_transcript">Abrir</string>
      <string id="acc_window_resize">Ajustar tamaño de ventana</string>
      <string id="video_transcript_resume_autoscroll">Reanudar desplazamiento automático</string>
      <string id="video_transcript_select_track">Seleccionar pista</string>
      <string id="transcript_show_timestamp">Mostrar marcas de tiempo</string>
      <string id="video_transcript_title">Transcripciones</string>
      <string id="acc_window_options">Opciones</string>
      <string id="acc_volume">volumen</string>
    </string_table>
  </string_tables>
  <fonts>
    <font name="Montserrat">
      <files>
        <file bold="true" italic="false" />
        <file bold="false" italic="false" />
      </files>
    </font>
  </fonts>
  <sounds enabled="true" />
  <nav_data>
    <outline>
      <links>
        <slidelink slideid="_player.6W0V0n43xgp" displaytext="¡Bienvenidos!" expand="false" type="slide">
          <links>
            <slidelink slideid="_player.6W0V0n43xgp.5gHcB25QfoU" displaytext="Inicio" expand="false" type="slide" />
          </links>
        </slidelink>
        <slidelink slideid="_player.6FupIPE8v1K" displaytext="Manual de preparación" expand="false" type="slide">
          <links>
            <slidelink slideid="_player.6FupIPE8v1K.6C0Gy7VrXEK" displaytext="Sesión 2" expand="false" type="slide" />
            <slidelink slideid="_player.6FupIPE8v1K.6nKrqh3CRPS" displaytext="¡Bienvenidos!" expand="false" type="slide" />
            <slidelink slideid="_player.6FupIPE8v1K.6OK1eh0lYpd" displaytext="Descripción" expand="false" type="slide" />
            <slidelink slideid="_player.6FupIPE8v1K.6EjLR7UNegj" displaytext="Objetivos" expand="false" type="slide" />
            <slidelink slideid="_player.6FupIPE8v1K.5eDk1riDbJl" displaytext="Introducción. Parte 1." expand="false" type="slide" />
            <slidelink slideid="_player.6FupIPE8v1K.69oAo2VgIJS" displaytext="Introducción. Parte 2." expand="false" type="slide" />
            <slidelink slideid="_player.6FupIPE8v1K.5ZwrpZc50yZ" displaytext="Actividad 1. Parte 1." expand="false" type="slide" />
            <slidelink slideid="_player.6FupIPE8v1K.6mbOvs4UNPt" displaytext="Actividad 1. Parte 2." expand="false" type="slide" />
            <slidelink slideid="_player.6FupIPE8v1K.6nPwjNtq845" displaytext="Actividad 1. Parte 3." expand="false" type="slide" />
            <slidelink slideid="_player.6FupIPE8v1K.5wZLwb5Nt0s" displaytext="Actividad 1. Parte 4." expand="false" type="slide" />
            <slidelink slideid="_player.6FupIPE8v1K.6n0fpqz1c8o" displaytext="Actividad 1. Parte 5." expand="false" type="slide" />
            <slidelink slideid="_player.6FupIPE8v1K.5xDaQGJp1Do" displaytext="Actividad 2. Parte 1." expand="false" type="slide" />
            <slidelink slideid="_player.6FupIPE8v1K.65tij2I7vRF" displaytext="Actividad 2. Parte 2." expand="false" type="slide" />
            <slidelink slideid="_player.6FupIPE8v1K.5jWeuyonkMh" displaytext="Actividad 2. Parte 3." expand="false" type="slide" />
            <slidelink slideid="_player.6FupIPE8v1K.5e4EsxCEILk" displaytext="Juntos en casa" expand="false" type="slide" />
            <slidelink slideid="_player.6FupIPE8v1K.6hvkIgvt6br" displaytext="Fin de la sesión" expand="false" type="slide" />
          </links>
        </slidelink>
        <slidelink slideid="_player.5wvXSBE5q0R" displaytext="Manual para proyectar" expand="false" type="slide">
          <links>
            <slidelink slideid="_player.5wvXSBE5q0R.6aMrmSJTg0d" displaytext="Sesión 2" expand="false" type="slide" />
            <slidelink slideid="_player.5wvXSBE5q0R.62C58VkldhS" displaytext="¡Bienvenidos!" expand="false" type="slide" />
            <slidelink slideid="_player.5wvXSBE5q0R.6k4PxqRwBaM" displaytext="Descripción" expand="false" type="slide" />
            <slidelink slideid="_player.5wvXSBE5q0R.5eSZXJsezNW" displaytext="Introducción" expand="false" type="slide" />
            <slidelink slideid="_player.5wvXSBE5q0R.5mVuXrTRXkO" displaytext="Actividad 1. Parte 1." expand="false" type="slide" />
            <slidelink slideid="_player.5wvXSBE5q0R.6GGDB6c8zfx" displaytext="Actividad 1. Parte 2." expand="false" type="slide" />
            <slidelink slideid="_player.5wvXSBE5q0R.5ezY1Wzxu7s" displaytext="Actividad 1. Parte 3." expand="false" type="slide" />
            <slidelink slideid="_player.5wvXSBE5q0R.5jt7qcx3WH8" displaytext="Actividad 2. Parte 1." expand="false" type="slide" />
            <slidelink slideid="_player.5wvXSBE5q0R.6FKl04el3oG" displaytext="Actividad 2. Parte 2." expand="false" type="slide" />
            <slidelink slideid="_player.5wvXSBE5q0R.67NLUr4m3AR" displaytext="Juntos en casa" expand="false" type="slide" />
            <slidelink slideid="_player.5wvXSBE5q0R.63fErHDX2g6" displaytext="Fin de la sesión" expand="false" type="slide" />
          </links>
        </slidelink>
      </links>
    </outline>
  </nav_data>
  <resource_data description="" />
  <transcript_data>
    <slidetranscripts>
      <slidetranscript slideid="6FupIPE8v1K.6nPwjNtq845" slidebank="false" type="slide" noteswf="" notespng="" pathlib="Lib" pathindex="0">&lt;Document xmlns:xsi="http://www.w3.org/2001/XMLSchema-instance" xmlns:xsd="http://www.w3.org/2001/XMLSchema"&gt;
  &lt;Content&gt;
    &lt;Block&gt;
      &lt;Style /&gt;
      &lt;Span Text="&amp;#xD;Abre el juego Plenty of Pizza en tu dispositivo desde el enlace que te da tu maestro. Ingrese el código de su maestro en el cuadro Código. &amp;#xD;&amp;#xA;" /&gt;
    &lt;/Block&gt;
    &lt;Block&gt;
      &lt;Style /&gt;
      &lt;Span Text="&amp;#xD;&amp;#xA;" /&gt;
    &lt;/Block&gt;
    &lt;Block&gt;
      &lt;Style /&gt;
      &lt;Span Text="Se introduce un código en el cuadro Código.&amp;#xD;&amp;#xA;" /&gt;
    &lt;/Block&gt;
    &lt;Block&gt;
      &lt;Style /&gt;
      &lt;Span Text="&amp;#xD;&amp;#xA;" /&gt;
    &lt;/Block&gt;
    &lt;Block&gt;
      &lt;Style /&gt;
      &lt;Span Text="¡La ida! se selecciona el botón.&amp;#xD;&amp;#xA;" /&gt;
    &lt;/Block&gt;
    &lt;Block&gt;
      &lt;Style /&gt;
      &lt;Span Text="&amp;#xD;&amp;#xA;" /&gt;
    &lt;/Block&gt;
    &lt;Block&gt;
      &lt;Style /&gt;
      &lt;Span Text="Aparece el texto en pantalla: Estás en el equipo 1. Espera a que comience el juego.&amp;#xD;&amp;#xA;" /&gt;
    &lt;/Block&gt;
    &lt;Block&gt;
      &lt;Style /&gt;
      &lt;Span Text="&amp;#xD;&amp;#xA;" /&gt;
    &lt;/Block&gt;
    &lt;Block&gt;
      &lt;Style /&gt;
      &lt;Span Text="Se le ubicará en una sala de espera en línea. Aquí verás en qué equipo estás. Espera a que tu profesor inicie el juego.&amp;#xD;&amp;#xA;" /&gt;
    &lt;/Block&gt;
    &lt;Block&gt;
      &lt;Style /&gt;
      &lt;Span Text="&amp;#xD;&amp;#xA;" /&gt;
    &lt;/Block&gt;
    &lt;Block&gt;
      &lt;Style /&gt;
      &lt;Span Text="Aparece una cuenta regresiva en la pantalla.&amp;#xD;&amp;#xA;" /&gt;
    &lt;/Block&gt;
    &lt;Block&gt;
      &lt;Style /&gt;
      &lt;Span Text="&amp;#xD;&amp;#xA;" /&gt;
    &lt;/Block&gt;
    &lt;Block&gt;
      &lt;Style /&gt;
      &lt;Span Text="Aparece la pantalla del juego y comienza el juego. Hay una barra de progreso en la parte superior que muestra la cantidad ¡Ahora empieza a hacer pizzas! Haz tantas pizzas correctas como puedas antes de que se acabe el tiempo. Memoriza cada pedido y luego selecciona Make! botón.&amp;#xD;&amp;#xA;" /&gt;
    &lt;/Block&gt;
    &lt;Block&gt;
      &lt;Style /&gt;
      &lt;Span Text="&amp;#xD;&amp;#xA;" /&gt;
    &lt;/Block&gt;
    &lt;Block&gt;
      &lt;Style /&gt;
      &lt;Span Text="¡La marca! se selecciona el botón. El menú desplegable de pedidos se cierra y los menús desplegables de ingredientes son visibles: corteza, salsa, queso y coberturas. El menú desplegable Corteza está abierto. Hay cuatro opciones de corteza: ovalada, redonda, rectangular y cuadrada. Se arrastra una corteza ovalada a la estación de preparación de pizza.&amp;#xD;&amp;#xA;" /&gt;
    &lt;/Block&gt;
    &lt;Block&gt;
      &lt;Style /&gt;
      &lt;Span Text="&amp;#xD;&amp;#xA;" /&gt;
    &lt;/Block&gt;
    &lt;Block&gt;
      &lt;Style /&gt;
      &lt;Span Text="arrastre la masa, la salsa, el queso y los ingredientes correctos a la estación para hacer pizza.&amp;#xD;&amp;#xA;" /&gt;
    &lt;/Block&gt;
    &lt;Block&gt;
      &lt;Style /&gt;
      &lt;Span Text="&amp;#xD;&amp;#xA;" /&gt;
    &lt;/Block&gt;
    &lt;Block&gt;
      &lt;Style /&gt;
      &lt;Span Text="El menú desplegable Salsa se selecciona y se abre. Se cierra el menú desplegable Corteza. Hay cuatro opciones de salsa: tomate, pesto, blanca y calamar. La salsa blanca se arrastra a la estación de preparación de pizza.&amp;#xD;&amp;#xA;" /&gt;
    &lt;/Block&gt;
    &lt;Block&gt;
      &lt;Style /&gt;
      &lt;Span Text="&amp;#xD;&amp;#xA;" /&gt;
    &lt;/Block&gt;
    &lt;Block&gt;
      &lt;Style /&gt;
      &lt;Span Text="Revisa el pedido de pizza en cualquier momento.&amp;#xD;&amp;#xA;" /&gt;
    &lt;/Block&gt;
    &lt;Block&gt;
      &lt;Style /&gt;
      &lt;Span Text="&amp;#xD;&amp;#xA;" /&gt;
    &lt;/Block&gt;
    &lt;Block&gt;
      &lt;Style /&gt;
      &lt;Span Text="Se selecciona el menú desplegable Pedido y se abre mostrando el mismo pedido de pizza que antes. El menú desplegable Orden se vuelve a seleccionar para cerrarlo.&amp;#xD;&amp;#xA;" /&gt;
    &lt;/Block&gt;
    &lt;Block&gt;
      &lt;Style /&gt;
      &lt;Span Text="&amp;#xD;&amp;#xA;" /&gt;
    &lt;/Block&gt;
    &lt;Block&gt;
      &lt;Style /&gt;
      &lt;Span Text="Comprueba cuántas pizzas correctas has hecho y cuánto tiempo te queda en la barra superior.&amp;#xD;&amp;#xA;" /&gt;
    &lt;/Block&gt;
    &lt;Block&gt;
      &lt;Style /&gt;
      &lt;Span Text="&amp;#xD;&amp;#xA;" /&gt;
    &lt;/Block&gt;
    &lt;Block&gt;
      &lt;Style /&gt;
      &lt;Span Text="El menú desplegable Cheese se selecciona y se abre. Se cierra el menú desplegable Salsa. Hay cuatro opciones de queso: mozzarella, cheddar, queso añejo y sin queso. El queso añejo se arrastra a la estación de elaboración de pizzas.&amp;#xD;&amp;#xA;" /&gt;
    &lt;/Block&gt;
    &lt;Block&gt;
      &lt;Style /&gt;
      &lt;Span Text="&amp;#xD;&amp;#xA;" /&gt;
    &lt;/Block&gt;
    &lt;Block&gt;
      &lt;Style /&gt;
      &lt;Span Text="El menú desplegable Ingredientes está seleccionado y se abre. El menú desplegable Cheese se cierra. Hay cuatro opciones de ingredientes: aceitunas, piña, espinacas y tomate.&amp;#xD;&amp;#xA;" /&gt;
    &lt;/Block&gt;
    &lt;Block&gt;
      &lt;Style /&gt;
      &lt;Span Text="&amp;#xD;&amp;#xA;" /&gt;
    &lt;/Block&gt;
    &lt;Block&gt;
      &lt;Style /&gt;
      &lt;Span Text="Las aceitunas y la piña se arrastran a la estación de preparación de pizza. Las aceitunas no están seleccionadas en el menú desplegable Ingredientes.&amp;#xD;&amp;#xA;" /&gt;
    &lt;/Block&gt;
    &lt;Block&gt;
      &lt;Style /&gt;
      &lt;Span Text="&amp;#xD;&amp;#xA;" /&gt;
    &lt;/Block&gt;
    &lt;Block&gt;
      &lt;Style /&gt;
      &lt;Span Text="Se selecciona el menú desplegable Pedido y se abre mostrando el mismo pedido de pizza que antes. El menú desplegable Orden se vuelve a seleccionar para cerrarlo.&amp;#xD;&amp;#xA;" /&gt;
    &lt;/Block&gt;
    &lt;Block&gt;
      &lt;Style /&gt;
      &lt;Span Text="&amp;#xD;&amp;#xA;" /&gt;
    &lt;/Block&gt;
    &lt;Block&gt;
      &lt;Style /&gt;
      &lt;Span Text="El menú desplegable Crust está seleccionado y se abre. Se cierra el menú desplegable Ingredientes. Una corteza cuadrada se arrastra a la estación de preparación de pizza y reemplaza a la corteza ovalada.&amp;#xD;&amp;#xA;" /&gt;
    &lt;/Block&gt;
    &lt;Block&gt;
      &lt;Style /&gt;
      &lt;Span Text="&amp;#xD;Cuando haya terminado de hacer su pizza, seleccione ¡Hornear! Botón.&amp;#xD;&amp;#xA;" /&gt;
    &lt;/Block&gt;
    &lt;Block&gt;
      &lt;Style /&gt;
      &lt;Span Text="&amp;#xD;&amp;#xA;" /&gt;
    &lt;/Block&gt;
    &lt;Block&gt;
      &lt;Style /&gt;
      &lt;Span Text="¡El horneado! se selecciona el botón. Aparece una ventana emergente con un chef dando un pulgar hacia arriba. Hay un botón Siguiente. El botón Siguiente está seleccionado.&amp;#xD;&amp;#xA;" /&gt;
    &lt;/Block&gt;
    &lt;Block&gt;
      &lt;Style /&gt;
      &lt;Span Text="&amp;#xD;&amp;#xA;" /&gt;
    &lt;/Block&gt;
    &lt;Block&gt;
      &lt;Style /&gt;
      &lt;Span Text="Aparece un nuevo pedido de pizza : masa ovalada, salsa de calamar, queso mozzarella y aceitunas. ¡La marca! se selecciona el botón. El menú desplegable de pedidos se cierra y los menús desplegables de ingredientes son visibles: corteza, salsa, queso y coberturas.&amp;#xD;&amp;#xA;" /&gt;
    &lt;/Block&gt;
    &lt;Block&gt;
      &lt;Style /&gt;
      &lt;Span Text="&amp;#xD;&amp;#xA;" /&gt;
    &lt;/Block&gt;
    &lt;Block&gt;
      &lt;Style /&gt;
      &lt;Span Text="El tiempo se agota y el juego termina. Aparece una ventana emergente con los resultados del equipo 1. El chef con el pulgar hacia arriba muestra 1 pizza correcta y el chef con los brazos cruzados muestra 0 remakes.&amp;#xD;&amp;#xA;" /&gt;
    &lt;/Block&gt;
    &lt;Block&gt;
      &lt;Style /&gt;
      &lt;Span Text="cuando se acabe el tiempo, verá los resultados finales de su equipo (si juega en su propio dispositivo) o pasará su dispositivo a su compañero de equipo (si comparte un dispositivo).&amp;#xD;&amp;#xA;" /&gt;
    &lt;/Block&gt;
    &lt;Block&gt;
      &lt;Style /&gt;
      &lt;Span Text="&amp;#xD;&amp;#xA;" /&gt;
    &lt;/Block&gt;
    &lt;Block&gt;
      &lt;Style /&gt;
      &lt;Span Text="Aparece una nueva ventana emergente en el modo compartido con una cuenta regresiva.&amp;#xD;&amp;#xA;" /&gt;
    &lt;/Block&gt;
    &lt;Block&gt;
      &lt;Style /&gt;
      &lt;Span Text="&amp;#xD;&amp;#xA;" /&gt;
    &lt;/Block&gt;
    &lt;Block&gt;
      &lt;Style /&gt;
      &lt;Span Text="El texto en pantalla dice: Tu turno ha terminado. Pase al siguiente jugador.&amp;#xD;&amp;#xA;" /&gt;
    &lt;/Block&gt;
    &lt;Block&gt;
      &lt;Style /&gt;
      &lt;Span Text="&amp;#xD;&amp;#xA;" /&gt;
    &lt;/Block&gt;
    &lt;Block&gt;
      &lt;Style /&gt;
      &lt;Span Text=" ¡Buena suerte y diviértete!&amp;#xD;&amp;#xA;" /&gt;
    &lt;/Block&gt;
    &lt;Block&gt;
      &lt;Style /&gt;
      &lt;Span Text="&amp;#xD;&amp;#xA;" /&gt;
    &lt;/Block&gt;
    &lt;Block&gt;
      &lt;Style /&gt;
      &lt;Span Text="Este tutorial ha terminado." /&gt;
    &lt;/Block&gt;
  &lt;/Content&gt;
&lt;/Document&gt;</slidetranscript>
    </slidetranscripts>
  </transcript_data>
  <glossary_data />
</bwFrame>