﻿<?xml version="1.0" encoding="utf-8"?>
<manifest identifier="_6SDpUy0oIzW" version="1.0" xmlns="http://www.imsproject.org/xsd/imscp_rootv1p1p2" xmlns:adlcp="http://www.adlnet.org/xsd/adlcp_rootv1p2" xmlns:xsi="http://www.w3.org/2001/XMLSchema-instance" xsi:schemaLocation="http://www.imsproject.org/xsd/imscp_rootv1p1p2 imscp_rootv1p1p2.xsd http://www.imsglobal.org/xsd/imsmd_rootv1p2p1 imsmd_rootv1p2p1.xsd http://www.adlnet.org/xsd/adlcp_rootv1p2 adlcp_rootv1p2.xsd">
  <metadata>
    <schema>ADL SCORM</schema>
    <schemaversion>1.2</schemaversion>
    <lom xmlns="http://www.imsglobal.org/xsd/imsmd_rootv1p2p1" xmlns:xsi="http://www.w3.org/2001/XMLSchema-instance" xsi:schemaLocation="http://www.imsglobal.org/xsd/imsmd_rootv1p2p1 imsmd_rootv1p2p1.xsd">
      <general>
        <title>
          <langstring xml:lang="x-none">GESTIÓN DE LA FRUSTRACIÓN</langstring>
        </title>
      </general>
      <lifecycle>
        <version>
          <langstring xml:lang="x-none">1</langstring>
        </version>
        <status>
          <source>
            <langstring xml:lang="x-none">LOMv1.0</langstring>
          </source>
          <value>
            <langstring xml:lang="x-none">Final</langstring>
          </value>
        </status>
      </lifecycle>
      <metametadata>
        <metadatascheme>ADL SCORM 1.2</metadatascheme>
      </metametadata>
      <educational>
        <typicallearningtime>
          <datetime>PT0H0M0S</datetime>
        </typicallearningtime>
      </educational>
      <rights>
        <cost>
          <source>
            <langstring xml:lang="x-none">LOMv1.0</langstring>
          </source>
          <value>
            <langstring xml:lang="x-none">yes</langstring>
          </value>
        </cost>
        <copyrightandotherrestrictions>
          <source>
            <langstring xml:lang="x-none">LOMv1.0</langstring>
          </source>
          <value>
            <langstring xml:lang="x-none">yes</langstring>
          </value>
        </copyrightandotherrestrictions>
      </rights>
    </lom>
  </metadata>
  <organizations default="GESTIÓN_DE_LA_FRUSTRACIÓN_ORG">
    <organization identifier="GESTIÓN_DE_LA_FRUSTRACIÓN_ORG">
      <title>GESTIÓN DE LA FRUSTRACIÓN</title>
      <item identifier="Gestión_de_la_frustración._Manual_voluntario/_docente._SCO" isvisible="true" identifierref="__6SDpUy0oIzW_RES">
        <title>GESTIÓN DE LA FRUSTRACIÓN</title>
      </item>
    </organization>
  </organizations>
  <resources>
    <resource identifier="__6SDpUy0oIzW_RES" type="webcontent" href="index_lms.html" adlcp:scormtype="sco">
      <file href="story_content/thumbnail.jpg" />
      <file href="mobile/66T9pFEjtIp.png" />
      <file href="mobile/67GcU3ewTqw.png" />
      <file href="mobile/5oYMVUasWeG.png" />
      <file href="mobile/6oskCjKgGmS.png" />
      <file href="mobile/6H2nNxVRIjR.png" />
      <file href="mobile/6iSrfdTas8G_P_194_304_710_522.png" />
      <file href="mobile/6pHOWeRzTT4.png" />
      <file href="mobile/6DLu3UJg3Kg.png" />
      <file href="mobile/5xmyWJJEnOB.png" />
      <file href="mobile/6bbkw6R7Ig3.png" />
      <file href="mobile/5gaPr3G5YUu.png" />
      <file href="mobile/6MUKMfMQfjA.png" />
      <file href="mobile/6iSrfdTas8G.png" />
      <file href="meta.xml" />
      <file href="story_content/user.js" />
      <file href="mobile/txt__default_5eEIXgDvrsL.png" />
      <file href="html5/data/css/output.min.css" />
      <file href="html5/data/js/5i701Ts336D.js" />
      <file href="html5/data/js/5i8ZNswNphD.js" />
      <file href="html5/data/js/5ifzL9R8DvZ.js" />
      <file href="html5/data/js/5iqa4H9sHRA.js" />
      <file href="html5/data/js/5kmD9C5fBWH.js" />
      <file href="html5/data/js/5o1wMLeekGF.js" />
      <file href="html5/data/js/5pTMJwdT3vh.js" />
      <file href="html5/data/js/5wkB0XksSVg.js" />
      <file href="html5/data/js/5zld19Ebu5c.js" />
      <file href="html5/data/js/69ktlbNHsxa.js" />
      <file href="html5/data/js/6AEIcLiLQIu.js" />
      <file href="html5/data/js/6B31ZGONpyB.js" />
      <file href="html5/data/js/6BtQ8yezPgz.js" />
      <file href="html5/data/js/6DzuEfry8HR.js" />
      <file href="html5/data/js/6G2wXvVr1Xu.js" />
      <file href="html5/data/js/6GRlB0MLfd4.js" />
      <file href="html5/data/js/6GuwT0bYB6N.js" />
      <file href="html5/data/js/6i93ZYCAC1Y.js" />
      <file href="html5/data/js/6lc4dGXO0mL.js" />
      <file href="html5/data/js/6O4XMI0hjwS.js" />
      <file href="html5/data/js/6OTcZKTbJTI.js" />
      <file href="html5/data/js/6p5LcWVqUmd.js" />
      <file href="html5/data/js/6qu8dxUZaen.js" />
      <file href="html5/data/js/6qZiNbZWm4w.js" />
      <file href="html5/data/js/6TAjiU6pXEp.js" />
      <file href="html5/data/js/6VkMtlaPMyX.js" />
      <file href="html5/data/js/6Vry8KM9QZG.js" />
      <file href="html5/data/js/6YaloqfW2hw.js" />
      <file href="html5/data/js/data.js" />
      <file href="html5/data/js/frame.js" />
      <file href="html5/data/js/paths.js" />
      <file href="html5/lib/scripts/bootstrapper.min.js" />
      <file href="html5/lib/scripts/frame.desktop.min.js" />
      <file href="html5/lib/scripts/frame.mobile.min.js" />
      <file href="html5/lib/scripts/slides.min.js" />
      <file href="html5/lib/stylesheets/desktop.min.css" />
      <file href="html5/lib/stylesheets/mobile.min.css" />
      <file href="html5/lib/stylesheets/mobile-fonts/open-sans-bold.woff" />
      <file href="html5/lib/stylesheets/mobile-fonts/open-sans-light.woff" />
      <file href="html5/lib/stylesheets/mobile-fonts/open-sans-regular.woff" />
      <file href="analytics-frame.html" />
      <file href="story.html" />
      <file href="index_lms.html" />
      <file href="lms/AICCComm.html" />
      <file href="lms/blank.html" />
      <file href="lms/browsersniff.js" />
      <file href="lms/goodbye.html" />
      <file href="lms/scormdriver.js" />
    </resource>
  </resources>
</manifest>