﻿<?xml version="1.0" encoding="utf-8"?>
<manifest identifier="_6Yc2w1lPadw" version="1.0" xmlns="http://www.imsproject.org/xsd/imscp_rootv1p1p2" xmlns:adlcp="http://www.adlnet.org/xsd/adlcp_rootv1p2" xmlns:xsi="http://www.w3.org/2001/XMLSchema-instance" xsi:schemaLocation="http://www.imsproject.org/xsd/imscp_rootv1p1p2 imscp_rootv1p1p2.xsd http://www.imsglobal.org/xsd/imsmd_rootv1p2p1 imsmd_rootv1p2p1.xsd http://www.adlnet.org/xsd/adlcp_rootv1p2 adlcp_rootv1p2.xsd">
  <metadata>
    <schema>ADL SCORM</schema>
    <schemaversion>1.2</schemaversion>
    <lom xmlns="http://www.imsglobal.org/xsd/imsmd_rootv1p2p1" xmlns:xsi="http://www.w3.org/2001/XMLSchema-instance" xsi:schemaLocation="http://www.imsglobal.org/xsd/imsmd_rootv1p2p1 imsmd_rootv1p2p1.xsd">
      <general>
        <title>
          <langstring xml:lang="x-none">Autoconocimiento</langstring>
        </title>
      </general>
      <lifecycle>
        <version>
          <langstring xml:lang="x-none">1</langstring>
        </version>
        <status>
          <source>
            <langstring xml:lang="x-none">LOMv1.0</langstring>
          </source>
          <value>
            <langstring xml:lang="x-none">Final</langstring>
          </value>
        </status>
      </lifecycle>
      <metametadata>
        <metadatascheme>ADL SCORM 1.2</metadatascheme>
      </metametadata>
      <educational>
        <typicallearningtime>
          <datetime>PT0H0M0S</datetime>
        </typicallearningtime>
      </educational>
      <rights>
        <cost>
          <source>
            <langstring xml:lang="x-none">LOMv1.0</langstring>
          </source>
          <value>
            <langstring xml:lang="x-none">yes</langstring>
          </value>
        </cost>
        <copyrightandotherrestrictions>
          <source>
            <langstring xml:lang="x-none">LOMv1.0</langstring>
          </source>
          <value>
            <langstring xml:lang="x-none">yes</langstring>
          </value>
        </copyrightandotherrestrictions>
      </rights>
    </lom>
  </metadata>
  <organizations default="Autoconocimiento_ORG">
    <organization identifier="Autoconocimiento_ORG">
      <title>Autoconocimiento</title>
      <item identifier="Autoconocimiento._Manual_voluntario/_docente._SCO" isvisible="true" identifierref="__6Yc2w1lPadw_RES">
        <title>Autoconocimiento</title>
      </item>
    </organization>
  </organizations>
  <resources>
    <resource identifier="__6Yc2w1lPadw_RES" type="webcontent" href="index_lms.html" adlcp:scormtype="sco">
      <file href="story_content/thumbnail.jpg" />
      <file href="mobile/66T9pFEjtIp.png" />
      <file href="mobile/67GcU3ewTqw.png" />
      <file href="mobile/5n7abOQA5ga.png" />
      <file href="mobile/6DMfKGNBASV.png" />
      <file href="mobile/5ovrbd7NVN0.png" />
      <file href="mobile/6pQEebkxuiU.png" />
      <file href="mobile/5sLtzhWT1el_P_391_432_894_336.png" />
      <file href="mobile/5mPQas57cdD_P_412_476_788_232.png" />
      <file href="mobile/5oJ6JWHYEfB_P_448_524_860_228.png" />
      <file href="mobile/5awmh4nncyt_P_348_199_418_697.png" />
      <file href="mobile/6Mx7DOkhZ7y.png" />
      <file href="mobile/5Zpi0iv6qcl.png" />
      <file href="mobile/5f6zaknMqzm.png" />
      <file href="mobile/6aOfwhY5Asi.png" />
      <file href="meta.xml" />
      <file href="story_content/user.js" />
      <file href="html5/data/css/output.min.css" />
      <file href="html5/data/js/5i8ZNswNphD.js" />
      <file href="html5/data/js/5kmD9C5fBWH.js" />
      <file href="html5/data/js/5kr0m5zg5JH.js" />
      <file href="html5/data/js/5wkB0XksSVg.js" />
      <file href="html5/data/js/5zld19Ebu5c.js" />
      <file href="html5/data/js/66Yo0fn82h9.js" />
      <file href="html5/data/js/68aZVxY7o5S.js" />
      <file href="html5/data/js/69ktlbNHsxa.js" />
      <file href="html5/data/js/69ZZbSUzCWA.js" />
      <file href="html5/data/js/6B31ZGONpyB.js" />
      <file href="html5/data/js/6cCJhHPgg8j.js" />
      <file href="html5/data/js/6DSTdDL8v9L.js" />
      <file href="html5/data/js/6eSelhDtlgL.js" />
      <file href="html5/data/js/6fBGIzaFFtW.js" />
      <file href="html5/data/js/6G2wXvVr1Xu.js" />
      <file href="html5/data/js/6gdMNACPesj.js" />
      <file href="html5/data/js/6GuwT0bYB6N.js" />
      <file href="html5/data/js/6i93ZYCAC1Y.js" />
      <file href="html5/data/js/6ia1xCyymG6.js" />
      <file href="html5/data/js/6iEscqXltEY.js" />
      <file href="html5/data/js/6kmk0XNSNv7.js" />
      <file href="html5/data/js/6P4xqRmvIyA.js" />
      <file href="html5/data/js/6p5LcWVqUmd.js" />
      <file href="html5/data/js/6rAJVswVOCA.js" />
      <file href="html5/data/js/6SiQ81k8ezA.js" />
      <file href="html5/data/js/6TvShccioDA.js" />
      <file href="html5/data/js/6V4nfWzh7Ek.js" />
      <file href="html5/data/js/6Vry8KM9QZG.js" />
      <file href="html5/data/js/6Wi5RgV39x5.js" />
      <file href="html5/data/js/6YUgTBeuqCo.js" />
      <file href="html5/data/js/data.js" />
      <file href="html5/data/js/frame.js" />
      <file href="html5/data/js/paths.js" />
      <file href="html5/lib/scripts/bootstrapper.min.js" />
      <file href="html5/lib/scripts/frame.desktop.min.js" />
      <file href="html5/lib/scripts/frame.mobile.min.js" />
      <file href="html5/lib/scripts/slides.min.js" />
      <file href="html5/lib/stylesheets/desktop.min.css" />
      <file href="html5/lib/stylesheets/mobile.min.css" />
      <file href="html5/lib/stylesheets/mobile-fonts/open-sans-bold.woff" />
      <file href="html5/lib/stylesheets/mobile-fonts/open-sans-light.woff" />
      <file href="html5/lib/stylesheets/mobile-fonts/open-sans-regular.woff" />
      <file href="analytics-frame.html" />
      <file href="story.html" />
      <file href="index_lms.html" />
      <file href="lms/AICCComm.html" />
      <file href="lms/blank.html" />
      <file href="lms/browsersniff.js" />
      <file href="lms/goodbye.html" />
      <file href="lms/scormdriver.js" />
    </resource>
  </resources>
</manifest>